,QWK,std_folds
L2 LGBM multiclass (Optuna),0.6156863768636476,0.014469990549005184
L2 фінальний бленд: середнє рангів 3 моделей,0.6127227624510265,0.015173818811681233
L2 LGBM multiclass,0.61262416831732,0.01711920793328247
L2 CatBoost multiclass,0.6122527616094382,0.012687752580126716
L2 LGBM порядкова (Optuna),0.6101826214498618,0.017612940373460007
L2 бленд: середнє рангів 5 моделей,0.6095845705097691,0.01685666953042937
L2 LGBM регресія (Optuna),0.6094026925661902,0.013503909333701988
L1 svr,0.6093280705257359,0.015641486412323893
L2 LGBM порядкова,0.6091515575571755,0.016690580156428644
"L2 LGBM multiclass, class_weight=balanced",0.6068015231898727,0.015335742134133782
L2 LGBM регресія,0.6048340238859243,0.016252645293605088
L2 CatBoost регресія,0.5978953450325398,0.01054924778473775
"Ridge, фото + текст: усі ембеддинги",0.5964015737344939,0.0184504417840571
"Ridge, фото: SigLIP2, середнє по всіх фото",0.592080999941607,0.012805565903224295
"Ridge, фото: CLIP + SigLIP2",0.5910283383105883,0.012263912177763604
"Ridge, фото: CLIP, середнє по всіх фото",0.586854963332702,0.015628943723228744
L1 MLP (CE + штраф L2 на ваги + label smoothing),0.5756836363690885,0.01421025348431659
"Ridge, фото: CLIP, тільки перше фото",0.5623292120472949,0.019064418419761416
L1 logreg,0.5571410832513297,0.014526441113027219
kNN: зважена середня мітка сусідів (тільки фото),0.543547176247277,0.01639904737029381
kNN: зважена середня мітка сусідів (фото + текст),0.5173629512718422,0.011947080324815632
"Ridge, текст: TF-IDF",0.3437448820489216,0.006895152447638295
"Ridge, текст: CLIP text",0.34095067952829927,0.02694900120801545
"Ridge, текст: bge",0.2965383446547941,0.019485886723894286
"Ridge, мета: кількість фото, довжина опису",0.09145102148027262,0.0303889121841342
